City_ID,City,Country,Lat,Lng,Max Temp,Humidity,Cloudiness,Wind Speed,Current Description
0,ushuaia,AR,-54.8,-68.3,37.06,81,0,2.3,clear sky
1,castro,BR,-24.7911,-50.0119,63.07,73,99,5.59,light rain
2,barbacoas,CO,1.6715,-78.1398,85.24,67,86,4.65,light rain
3,vaini,TO,-21.2,-175.2,69.96,100,20,2.3,few clouds
4,barra patuca,HN,15.8,-84.2833,81.91,83,97,11.99,overcast clouds
5,georgetown,MY,5.4112,100.3354,80.89,82,20,2.3,few clouds
6,cape town,ZA,-33.9258,18.4232,58.91,74,0,15.01,clear sky
7,tuktoyaktuk,CA,69.4541,-133.0374,55.4,94,100,17.27,light rain
8,caravelas,BR,-17.7125,-39.2481,78.19,65,66,6.91,broken clouds
9,clyde river,CA,70.4692,-68.5914,43.03,81,100,19.57,overcast clouds
10,busselton,AU,-33.65,115.3333,53.35,90,65,7.47,broken clouds
11,atuona,PF,-9.8,-139.0333,77.0,77,76,17.22,broken clouds
12,port alfred,ZA,-33.5906,26.891,57.18,95,35,1.99,heavy intensity rain
13,srem,PL,52.0887,17.0151,70.02,38,73,8.34,broken clouds
14,albany,US,42.6001,-73.9662,93.94,54,38,6.02,scattered clouds
15,awjilah,LY,29.1081,21.2869,90.12,25,0,13.2,clear sky
16,hasaki,JP,35.7333,140.8333,73.8,80,65,7.14,broken clouds
17,jiuquan,CN,39.7432,98.5174,79.2,25,100,5.32,overcast clouds
18,provideniya,RU,64.3833,-173.3,49.48,77,40,4.63,scattered clouds
19,davidson,US,36.1501,-86.7833,93.72,60,75,13.8,broken clouds
20,rikitea,PF,-23.1203,-134.9692,69.01,64,86,18.57,overcast clouds
21,mar del plata,AR,-38.0023,-57.5575,53.1,79,75,8.05,broken clouds
22,hilo,US,19.7297,-155.09,81.28,89,40,3.44,scattered clouds
23,lebu,CL,-37.6167,-73.65,50.72,91,100,4.29,overcast clouds
24,nikolskoye,RU,59.7035,30.7861,60.8,95,100,8.97,moderate rain
25,boksitogorsk,RU,59.474,33.8485,74.95,59,87,8.48,overcast clouds
26,saint-philippe,RE,-21.3585,55.7679,67.59,78,49,5.93,scattered clouds
27,puerto ayora,EC,-0.7393,-90.3518,78.76,89,93,8.99,overcast clouds
28,dikson,RU,73.5069,80.5464,42.26,99,99,9.24,overcast clouds
29,faanui,PF,-16.4833,-151.75,77.97,76,53,25.77,light rain
30,kodiak,US,57.79,-152.4072,54.91,71,75,3.44,broken clouds
31,portland,US,45.5234,-122.6762,81.0,54,0,8.05,clear sky
32,kapaa,US,22.0752,-159.319,79.12,88,75,4.61,broken clouds
33,ottumwa,US,41.02,-92.4113,98.94,56,0,12.66,clear sky
34,mogzon,RU,51.7435,111.9606,44.94,83,4,9.31,clear sky
35,sao filipe,CV,14.8961,-24.4956,78.15,85,72,8.14,light rain
36,shingu,JP,33.7333,135.9833,76.84,92,44,3.98,scattered clouds
37,ponta do sol,PT,32.6667,-17.1,76.71,78,3,4.34,clear sky
38,lulea,SE,65.5842,22.1547,51.87,93,100,12.66,heavy intensity rain
39,antalaha,MG,-14.9003,50.2788,66.72,88,52,8.08,broken clouds
40,port elizabeth,ZA,-33.918,25.5701,57.49,93,75,5.75,light intensity drizzle
41,punta arenas,CL,-53.15,-70.9167,39.31,81,100,8.05,overcast clouds
42,itoman,JP,26.1247,127.6694,82.42,81,20,5.75,few clouds
43,east london,ZA,-33.0153,27.9116,59.94,82,20,5.75,few clouds
44,hermanus,ZA,-34.4187,19.2345,56.8,77,86,20.31,overcast clouds
45,homer,US,59.6425,-151.5483,55.27,80,75,15.99,broken clouds
46,mount gambier,AU,-37.8333,140.7667,40.91,100,40,0.0,mist
47,yellowknife,CA,62.456,-114.3525,64.92,63,75,15.01,broken clouds
48,barrow,US,71.2906,-156.7887,35.71,88,100,12.88,overcast clouds
49,phangnga,TH,8.4509,98.5298,82.44,93,100,4.14,overcast clouds
50,cherskiy,RU,68.75,161.3,49.8,68,70,5.41,broken clouds
51,luebo,CD,-5.35,21.4167,85.44,25,48,1.99,scattered clouds
52,kaitangata,NZ,-46.2817,169.8464,41.67,95,77,13.18,broken clouds
53,cochrane,CA,51.1834,-114.4687,71.87,40,0,9.22,clear sky
54,buarcos,PT,40.166,-8.8768,74.66,79,2,8.14,clear sky
55,tete,MZ,-16.1564,33.5867,68.09,49,0,4.61,clear sky
56,hithadhoo,MV,-0.6,73.0833,82.87,71,62,9.26,broken clouds
57,arraial do cabo,BR,-22.9661,-42.0278,71.56,68,75,8.05,broken clouds
58,ayorou,NE,14.7308,0.9174,94.37,37,93,1.92,overcast clouds
59,qaanaaq,GL,77.484,-69.3632,43.16,54,98,2.73,overcast clouds
60,springbok,ZA,-29.6643,17.8865,56.3,36,41,3.91,scattered clouds
61,tual,ID,-5.6667,132.75,79.14,83,95,6.26,overcast clouds
62,tonantins,BR,-2.8731,-67.8022,89.13,56,68,2.04,light rain
63,kruisfontein,ZA,-34.0033,24.7314,54.88,86,75,9.24,light rain
64,atar,MR,20.5169,-13.0499,99.81,27,83,20.56,light rain
65,klaksvik,FO,62.2266,-6.589,52.72,98,100,9.86,overcast clouds
66,angoche,MZ,-16.2325,39.9086,72.46,75,0,9.28,clear sky
67,grindavik,IS,63.8424,-22.4338,53.55,100,100,16.11,fog
68,lompoc,US,34.6391,-120.4579,71.74,86,100,11.5,overcast clouds
69,guerrero negro,MX,27.9769,-114.0611,77.5,69,98,12.15,overcast clouds
70,san rafael del sur,NI,11.8485,-86.4384,86.97,63,98,12.03,overcast clouds
71,saint-joseph,RE,-21.3667,55.6167,66.58,75,53,5.12,broken clouds
72,leningradskiy,RU,69.3833,178.4167,37.83,88,99,1.68,light rain
73,kawalu,ID,-7.3817,108.2082,71.49,94,84,2.21,broken clouds
74,dubrovytsya,UA,51.5744,26.565,73.49,68,100,10.54,overcast clouds
75,bethel,US,41.3712,-73.414,93.04,56,20,9.22,few clouds
76,nouadhibou,MR,20.931,-17.0347,78.78,78,5,13.8,clear sky
77,zwedru,LR,6.0667,-8.1281,81.07,64,94,2.33,overcast clouds
78,bilma,NE,18.6853,12.9164,101.25,18,22,10.92,few clouds
79,la ronge,CA,55.1001,-105.2842,70.05,43,40,13.8,scattered clouds
80,lat yao,TH,15.751,99.7893,77.86,79,99,4.45,light rain
81,rocha,UY,-34.4833,-54.3333,54.14,57,100,8.79,overcast clouds
82,hobart,AU,-42.8794,147.3294,40.05,90,40,4.61,scattered clouds
83,airai,TL,-8.9266,125.4092,57.49,95,99,2.59,overcast clouds
84,sulangan,PH,11.1373,123.7228,80.47,74,100,1.54,light rain
85,murgab,TM,37.4966,61.9714,85.87,37,0,0.0,clear sky
86,harwich,GB,51.9419,1.2844,69.01,64,45,7.0,scattered clouds
87,mabaruma,GY,8.2,-59.7833,86.5,61,37,6.02,scattered clouds
88,codrington,AU,-38.2667,141.9667,48.63,76,98,5.5,overcast clouds
89,tasiilaq,GL,65.6145,-37.6368,42.96,84,100,17.98,light rain
90,mataura,NZ,-46.1927,168.8643,39.65,98,88,7.09,light rain
91,carnarvon,AU,-24.8667,113.6333,63.41,62,0,14.34,clear sky
92,bluff,NZ,-46.6,168.3333,39.4,96,90,17.83,moderate rain
93,vila velha,BR,-20.3297,-40.2925,78.75,71,40,16.11,scattered clouds
94,ostrovnoy,RU,68.0531,39.5131,69.58,71,100,19.28,overcast clouds
95,port lincoln,AU,-34.7333,135.8667,52.29,69,19,8.99,few clouds
96,hamilton,US,39.1834,-84.5333,85.6,82,75,9.22,broken clouds
97,cap-chat,CA,49.1001,-66.6821,64.4,68,55,6.91,broken clouds
98,olinda,BR,-8.0089,-34.8553,80.33,69,40,6.91,scattered clouds
99,zhigansk,RU,66.7697,123.3711,50.59,98,100,5.12,overcast clouds
100,santa maria,BR,-29.6842,-53.8069,54.7,71,20,10.36,light rain
101,grobina,LV,56.5352,21.1678,64.18,59,20,10.36,few clouds
102,naze,JP,28.3667,129.4833,77.92,83,3,5.41,clear sky
103,battle creek,US,42.3212,-85.1797,91.06,41,75,10.36,broken clouds
104,divnoye,RU,45.9089,43.3547,76.55,45,32,7.63,scattered clouds
105,tuatapere,NZ,-46.1333,167.6833,40.05,98,88,10.04,overcast clouds
106,ambilobe,MG,-13.2,49.05,70.59,72,86,3.98,overcast clouds
107,buchanan,LR,5.8808,-10.0467,77.52,74,69,11.54,broken clouds
108,bredasdorp,ZA,-34.5322,20.0403,56.7,74,100,16.8,overcast clouds
109,san quintin,MX,30.4833,-115.95,75.81,74,81,13.56,broken clouds
110,atasu,KZ,48.6814,71.6433,65.43,52,36,7.92,scattered clouds
111,jamestown,US,42.097,-79.2353,84.94,68,100,9.22,overcast clouds
112,lugus,PH,5.7036,120.8203,81.46,78,100,14.5,overcast clouds
113,nogliki,RU,51.8333,143.1667,53.89,97,100,10.54,overcast clouds
114,bubaque,GW,11.2833,-15.8333,80.04,80,91,11.27,light rain
115,mazamari,PE,-11.3258,-74.5308,72.36,90,100,1.97,overcast clouds
116,new london,US,41.4834,-72.0662,94.91,63,0,8.05,clear sky
117,ancud,CL,-41.8697,-73.8203,48.22,60,100,8.99,overcast clouds
118,smithfield,US,41.922,-71.5495,96.42,56,20,12.66,few clouds
119,malinovoye ozero,RU,51.6753,79.7825,65.01,42,0,5.79,clear sky
120,kieta,PG,-6.2167,155.6333,78.35,81,100,5.77,overcast clouds
121,verkhoyansk,RU,67.5447,133.385,50.47,95,100,3.62,overcast clouds
122,lavrentiya,RU,65.5833,-171.0,43.36,85,87,5.68,overcast clouds
123,new norfolk,AU,-42.7826,147.0587,39.7,93,100,2.08,overcast clouds
124,tebingtinggi,ID,3.3285,99.1625,75.18,91,89,2.84,overcast clouds
125,asau,RO,46.4333,26.4,77.92,66,83,2.82,broken clouds
126,lardos,GR,36.0942,28.0157,78.94,73,0,10.27,clear sky
127,nianzishan,CN,47.5167,122.8833,66.99,74,96,2.64,moderate rain
128,inirida,CO,3.8653,-67.9239,86.76,62,40,2.42,scattered clouds
129,mount pleasant,US,32.7941,-79.8626,91.98,71,75,6.91,broken clouds
130,oron,NG,4.8256,8.2343,74.95,92,66,5.68,light rain
131,clifton,US,40.8584,-74.1638,94.32,54,40,14.97,scattered clouds
132,alofi,NU,-19.0595,-169.9187,71.49,100,100,12.66,overcast clouds
133,charlottesville,US,38.0293,-78.4767,89.35,75,20,10.36,few clouds
134,zonguldak,TR,41.25,31.8333,66.0,91,59,2.19,broken clouds
135,gorontalo,ID,0.5412,123.0595,73.69,93,99,2.21,overcast clouds
136,chokurdakh,RU,70.6333,147.9167,35.67,90,100,7.65,overcast clouds
137,halifax,CA,44.6453,-63.5724,84.09,81,85,11.5,overcast clouds
138,khatanga,RU,71.9667,102.5,54.37,79,46,1.88,scattered clouds
139,saint george,US,37.1041,-113.5841,92.43,35,0,4.0,clear sky
140,ulladulla,AU,-35.35,150.4667,46.99,80,26,5.5,scattered clouds
141,mareeba,AU,-17.0,145.4333,67.48,94,84,2.59,broken clouds
142,kalanwali,IN,29.85,74.95,88.03,67,84,6.67,broken clouds
143,saint-francois,FR,46.4154,3.9054,81.84,32,0,12.66,clear sky
144,maniitsoq,GL,65.4167,-52.9,41.74,91,40,17.74,scattered clouds
145,san cristobal,VE,7.7669,-72.225,78.98,61,96,5.84,overcast clouds
146,sunyani,GH,7.3399,-2.3268,78.78,68,41,2.04,scattered clouds
147,sao joao da barra,BR,-21.6403,-41.0511,75.29,68,100,13.49,overcast clouds
148,vaasa,FI,63.096,21.6158,55.29,94,75,13.8,shower rain
149,takoradi,GH,4.8845,-1.7554,74.7,78,2,9.01,clear sky
150,bogovarovo,RU,58.9785,47.0246,68.95,71,18,3.89,few clouds
151,gerash,IR,27.6652,54.1371,93.34,23,0,3.06,clear sky
152,cabatuan,PH,10.8794,122.486,75.24,88,100,3.56,overcast clouds
153,katsuura,JP,35.1333,140.3,75.9,85,70,7.36,broken clouds
154,victoria,HK,22.2855,114.1577,84.33,90,35,3.0,scattered clouds
155,hofn,IS,64.2539,-15.2082,53.22,93,99,4.68,overcast clouds
156,iqaluit,CA,63.7506,-68.5145,58.73,47,75,17.27,broken clouds
157,vestmannaeyjar,IS,63.4427,-20.2734,53.71,94,70,14.14,broken clouds
158,coahuayana,MX,18.7333,-103.6833,90.05,58,65,6.11,broken clouds
159,wanganui,NZ,-39.9333,175.05,54.59,88,96,5.99,overcast clouds
160,rudbar,AF,30.15,62.6,94.15,11,0,13.33,clear sky
161,pisco,PE,-13.7,-76.2167,65.01,82,40,9.22,haze
162,lata,PT,40.1629,-8.3327,70.81,52,0,7.63,clear sky
163,vila franca do campo,PT,37.7167,-25.4333,73.81,74,49,7.96,scattered clouds
164,jalu,LY,29.0331,21.5482,90.3,23,0,8.72,clear sky
165,merauke,ID,-8.4667,140.3333,75.61,94,100,9.82,overcast clouds
166,sitka,US,57.0531,-135.33,57.09,94,100,9.22,light rain
167,honavar,IN,14.2833,74.45,77.81,90,100,11.54,moderate rain
168,yulara,AU,-25.2406,130.9889,48.15,44,0,9.33,clear sky
169,boa vista,BR,2.8197,-60.6733,91.38,46,40,8.05,scattered clouds
170,tautira,PF,-17.7333,-149.15,75.51,79,93,23.2,light rain
171,walvis bay,NA,-22.9575,14.5053,55.09,87,32,5.75,scattered clouds
172,torbay,CA,47.6666,-52.7314,75.97,74,75,11.5,broken clouds
173,shizunai,JP,42.3339,142.3669,64.53,88,75,8.77,broken clouds
174,haines junction,CA,60.7522,-137.5108,60.75,51,93,2.3,overcast clouds
175,bambous virieux,MU,-20.3428,57.7575,71.85,73,40,12.66,light rain
176,rock springs,US,41.5875,-109.2029,78.24,44,0,4.61,clear sky
177,los llanos de aridane,ES,28.6585,-17.9182,71.35,73,75,13.8,broken clouds
178,saint-augustin,CA,51.226,-58.6502,77.32,34,42,15.99,scattered clouds
179,west odessa,US,31.8424,-102.4988,96.4,31,0,16.11,clear sky
180,thompson,CA,55.7435,-97.8558,64.56,48,40,8.05,scattered clouds
181,bengkulu,ID,-3.8004,102.2655,74.97,86,1,3.76,clear sky
182,vasterhaninge,SE,59.1167,18.1,61.84,65,23,5.32,few clouds
183,muyezerskiy,RU,63.9333,31.65,64.83,95,100,9.93,overcast clouds
184,taoudenni,ML,22.6783,-3.9836,112.1,8,16,17.85,few clouds
185,aksarka,RU,66.5606,67.7975,56.71,84,87,6.42,overcast clouds
186,juneau,US,58.3019,-134.4197,57.22,97,100,12.66,light rain
187,mount isa,AU,-20.7333,139.5,64.17,25,100,10.36,overcast clouds
188,faranah,GN,10.0404,-10.7434,75.49,94,95,4.85,moderate rain
189,hobyo,SO,5.3505,48.5268,76.53,79,46,28.88,scattered clouds
190,chuy,UY,-33.6971,-53.4616,52.18,65,97,8.95,overcast clouds
191,avarua,CK,-21.2078,-159.775,73.45,73,40,9.22,scattered clouds
192,geraldton,AU,-28.7667,114.6,50.41,87,100,9.22,overcast clouds
193,kahului,US,20.8947,-156.47,84.22,63,20,13.8,few clouds
194,talcahuano,CL,-36.7167,-73.1167,51.48,100,100,9.22,overcast clouds
195,nurota,UZ,40.5614,65.6886,80.38,24,18,6.04,few clouds
196,ukiah,US,39.1502,-123.2078,76.66,60,0,3.44,clear sky
197,henties bay,NA,-22.116,14.2845,57.56,87,42,3.56,scattered clouds
198,north bend,US,43.4065,-124.2243,73.92,88,0,11.5,clear sky
199,leshukonskoye,RU,64.8989,45.7622,69.96,66,2,6.64,clear sky
200,northam,GB,51.0333,-4.2167,67.39,61,16,10.63,few clouds
201,cassilandia,BR,-19.1133,-51.7342,93.81,17,39,7.7,scattered clouds
202,huicheng,CN,23.0385,116.2899,79.59,91,41,3.42,scattered clouds
203,mnogovershinnyy,RU,53.9353,139.9242,60.48,99,100,3.04,light rain
204,port macquarie,AU,-31.4333,152.9167,43.9,72,0,7.61,clear sky
205,colchester,GB,51.8892,0.9042,73.78,67,50,10.13,scattered clouds
206,dariba,IN,24.95,74.1333,79.52,83,98,6.69,overcast clouds
207,pangnirtung,CA,66.1451,-65.7125,42.8,93,100,3.44,fog
208,ranau,MY,5.9538,116.6641,68.49,92,100,2.82,light rain
209,nhulunbuy,AU,-12.2333,136.7667,72.21,94,0,0.0,clear sky
210,isangel,VU,-19.55,169.2667,73.81,85,10,8.55,clear sky
211,marawi,PH,7.9986,124.2928,68.72,96,100,3.38,overcast clouds
212,filadelfia,US,39.9523,-75.1638,91.65,63,75,12.66,broken clouds
213,cockburn town,TC,21.4612,-71.1419,81.99,79,30,18.43,scattered clouds
214,basco,PH,20.4487,121.9702,84.49,76,94,15.37,overcast clouds
215,muros,ES,42.7762,-9.0603,85.68,70,24,2.55,few clouds
216,tadine,NC,-21.55,167.8833,74.19,73,89,8.32,overcast clouds
217,damietta,EG,31.4165,31.8133,80.49,67,0,10.27,clear sky
218,narsaq,GL,60.9167,-46.05,52.02,95,100,6.73,light rain
219,frolovo,RU,49.7713,43.6622,75.38,31,11,13.44,few clouds
220,msowero,TZ,-6.5333,37.2,73.36,48,84,3.15,broken clouds
221,port-cartier,CA,50.0334,-66.8654,70.75,45,62,14.97,broken clouds
222,bronnoysund,NO,65.4625,12.1997,53.6,82,75,10.36,broken clouds
223,alberton,CA,46.8168,-64.0654,80.73,53,14,5.48,few clouds
224,coquimbo,CL,-29.9533,-71.3436,56.93,82,100,8.05,overcast clouds
225,sao felix do xingu,BR,-6.6447,-51.995,84.09,64,60,3.22,broken clouds
226,calabozo,VE,8.9242,-67.4293,83.82,75,45,6.67,scattered clouds
227,husavik,IS,66.0449,-17.3389,53.56,75,98,1.39,overcast clouds
228,puerto del rosario,ES,28.5004,-13.8627,76.75,78,20,13.8,few clouds
229,chipinge,ZW,-20.1883,32.6236,59.59,42,0,5.39,clear sky
230,dinga,PK,32.6398,73.722,85.57,71,6,5.35,clear sky
231,saldanha,ZA,-33.0117,17.9442,57.25,83,0,13.87,clear sky
232,maneadero,MX,31.7167,-116.5667,73.09,83,10,4.0,clear sky
233,luderitz,NA,-26.6481,15.1594,59.77,71,100,9.35,overcast clouds
234,anta,IN,25.15,76.3,85.46,72,98,5.32,overcast clouds
235,upata,VE,8.0086,-62.3989,85.19,59,46,4.38,scattered clouds
236,cabo san lucas,MX,22.8909,-109.9124,91.62,63,75,8.99,broken clouds
237,touros,BR,-5.1989,-35.4608,81.46,69,56,17.4,broken clouds
238,yangambi,CD,0.8102,24.4336,68.25,96,100,3.0,light rain
239,xuddur,SO,4.1213,43.8894,76.19,50,92,22.08,overcast clouds
240,dunedin,NZ,-45.8742,170.5036,49.8,76,100,5.99,light rain
241,karratha,AU,-20.7377,116.8463,63.34,50,1,9.91,clear sky
242,bajil,YE,15.0584,43.2851,76.8,81,100,11.14,overcast clouds
243,okhotsk,RU,59.3833,143.3,56.03,92,99,14.34,overcast clouds
244,norman wells,CA,65.282,-126.8329,57.24,88,100,16.11,light rain
245,san blas,MX,21.5167,-105.2667,94.89,63,97,5.68,overcast clouds
246,kutum,SD,14.2,24.6667,80.94,47,100,6.58,overcast clouds
247,poum,NC,-20.2333,164.0167,75.02,83,51,6.15,broken clouds
248,dingle,PH,10.9995,122.6711,75.38,91,100,2.19,overcast clouds
249,nyurba,RU,63.2842,118.3319,50.49,83,100,3.44,overcast clouds
250,logan lake,CA,50.4998,-120.8025,57.04,32,9,3.69,clear sky
251,ingham,US,42.6,-84.3833,88.92,66,40,4.61,scattered clouds
252,ouallam,NE,14.3188,2.0866,92.25,44,38,2.86,scattered clouds
253,saskylakh,RU,71.9167,114.0833,43.63,73,100,7.38,overcast clouds
254,nanortalik,GL,60.1432,-45.2371,45.19,91,100,5.61,overcast clouds
255,alpena,US,45.0617,-83.4327,91.72,43,20,10.36,few clouds
256,mastic beach,US,40.7668,-72.8521,90.45,73,0,16.11,clear sky
257,vao,NC,-22.6667,167.4833,73.9,81,6,15.1,clear sky
258,plessisville,CA,46.2186,-71.762,86.07,50,10,9.53,clear sky
259,mantua,IT,45.1667,10.7833,83.35,60,90,11.01,overcast clouds
260,ibra,OM,22.6906,58.5334,88.52,48,26,7.43,scattered clouds
261,lingyuan,CN,41.24,119.4011,74.37,96,100,3.22,overcast clouds
262,esperance,AU,-33.8667,121.9,51.46,70,21,14.03,few clouds
263,saint-pierre,RE,-21.3393,55.4781,70.92,68,0,5.75,clear sky
264,ust-nera,RU,64.5667,143.2,61.66,71,100,5.59,overcast clouds
265,victor harbor,AU,-35.5667,138.6167,48.69,92,12,5.99,few clouds
266,pevek,RU,69.7008,170.3133,36.01,98,100,3.09,light rain
267,maldonado,UY,-34.6667,-54.9167,54.79,55,97,8.86,overcast clouds
268,constitucion,CL,-35.3333,-72.4167,52.25,96,100,9.84,light rain
269,kota kinabalu,MY,5.9749,116.0724,75.18,94,20,3.44,few clouds
270,george,ZA,-33.963,22.4617,54.95,94,100,9.22,overcast clouds
271,aitape,PG,-3.1374,142.3475,76.66,87,97,3.87,overcast clouds
272,lisa,RO,43.8,25.1333,78.62,44,7,8.7,clear sky
273,temir,KZ,49.1414,57.13,75.04,34,50,12.35,scattered clouds
274,redwater,US,33.3582,-94.2544,92.43,33,36,10.13,scattered clouds
275,brod,BA,45.1375,17.9897,82.27,48,61,19.51,broken clouds
276,zhaotong,CN,27.3167,103.7167,62.01,92,50,2.84,scattered clouds
277,pozo colorado,PY,-23.4923,-58.7972,62.78,88,100,1.9,overcast clouds
278,umba,RU,66.6871,34.3429,59.77,98,100,4.23,moderate rain
279,mizdah,LY,31.4451,12.9801,84.78,23,0,14.12,clear sky
280,petrykivka,UA,48.7298,34.6351,75.11,52,22,5.3,few clouds
281,akdepe,TM,42.0551,59.3788,80.69,43,100,11.41,overcast clouds
282,portree,GB,57.4129,-6.1942,57.52,90,100,17.31,overcast clouds
283,mecca,SA,21.4267,39.8261,92.71,46,99,6.69,light rain
284,odweyne,SO,9.4092,45.064,78.21,37,39,20.31,scattered clouds
285,partizanskoye,RU,55.5006,94.39,49.3,85,11,5.03,few clouds
286,cidreira,BR,-30.1811,-50.2056,57.0,67,46,9.66,scattered clouds
287,plettenberg bay,ZA,-34.0527,23.3716,57.72,87,100,14.32,light rain
288,sunrise manor,US,36.2111,-115.0731,98.11,28,0,9.22,clear sky
289,tura,IN,25.5198,90.2201,74.35,97,13,2.68,few clouds
290,leeton,AU,-34.5667,146.4,43.9,90,73,2.01,broken clouds
291,kuytun,RU,54.3419,101.5036,48.92,90,100,10.29,overcast clouds
292,marovoay,MG,-16.1,46.6333,69.03,57,0,3.47,clear sky
293,rorvik,NO,64.8621,11.2373,53.4,82,100,22.82,light rain
294,faya,SA,18.3851,42.4509,66.31,75,100,4.74,overcast clouds
295,sarny,UA,51.338,26.6019,72.14,72,91,10.65,overcast clouds
296,kukshi,IN,22.2,74.75,80.85,85,100,8.08,overcast clouds
297,moerai,PF,-22.4333,-151.3333,70.02,72,52,25.59,broken clouds
298,ravar,IR,31.2656,56.8055,84.78,16,0,6.15,clear sky
299,bryan,US,30.6744,-96.37,93.47,48,100,5.75,overcast clouds
300,butaritari,KI,3.0707,172.7902,81.68,77,25,14.43,light rain
301,naziya,RU,59.8,31.3833,58.44,1,100,4.34,moderate rain
302,chaozhou,CN,23.6651,116.6379,78.66,93,12,1.48,few clouds
303,auki,SB,-8.7676,160.7034,76.17,87,96,4.07,overcast clouds
304,mayumba,GA,-3.432,10.6554,68.11,87,16,7.27,few clouds
305,mayo,US,38.8876,-76.5119,90.09,76,75,11.5,broken clouds
306,shimoda,JP,34.6667,138.95,75.11,90,56,7.47,broken clouds
307,salalah,OM,17.0151,54.0924,77.09,94,100,2.3,overcast clouds
308,whitecourt,CA,54.1502,-115.6855,67.24,55,75,4.61,broken clouds
309,pilar,BR,-9.5972,-35.9567,84.13,78,9,7.43,clear sky
310,myaundzha,RU,63.0494,147.1858,49.26,93,67,6.04,broken clouds
311,margate,GB,51.3813,1.3862,68.88,58,56,1.99,broken clouds
312,raton,US,36.9034,-104.4391,89.06,39,0,9.22,clear sky
313,ahipara,NZ,-35.1667,173.1667,60.04,93,100,13.0,light rain
314,kukes,AL,42.0769,20.4219,78.03,36,42,4.38,scattered clouds
315,monroe,US,43.1501,-77.6831,91.45,66,40,10.36,scattered clouds
316,padang,ID,-0.9492,100.3543,76.69,85,83,4.07,broken clouds
317,dodan,PH,17.6411,121.8001,75.22,93,93,2.95,overcast clouds
318,safaga,EG,26.7292,33.9365,88.3,59,9,1.45,clear sky
319,kununurra,AU,-15.7667,128.7333,64.38,77,4,0.0,clear sky
320,port hardy,CA,50.6996,-127.4199,59.18,88,100,5.75,overcast clouds
321,bacalar,MX,18.6667,-88.3833,86.11,70,75,9.22,broken clouds
322,vrangel,RU,42.7297,133.0839,70.88,94,100,3.31,light rain
323,gat,IL,31.61,34.7642,83.08,100,0,5.77,clear sky
324,olafsvik,IS,64.8945,-23.7142,53.73,91,81,4.99,broken clouds
325,longyearbyen,SJ,78.2186,15.6401,51.64,76,75,5.75,broken clouds
326,san jose,US,37.3394,-121.895,79.92,61,40,5.75,scattered clouds
327,itarema,BR,-2.9248,-39.9167,82.6,64,5,16.93,clear sky
328,emerald,AU,-23.5333,148.1667,59.14,100,100,0.0,overcast clouds
329,the valley,AI,18.217,-63.0578,86.14,74,40,17.27,scattered clouds
330,acapulco,MX,16.8634,-99.8901,87.62,58,75,3.44,broken clouds
331,ribeira grande,PT,38.5167,-28.7,77.4,78,20,5.75,few clouds
332,bayangol,RU,50.6977,103.4656,42.21,92,78,2.55,broken clouds
333,vardo,NO,70.3705,31.1107,51.78,93,100,11.5,light rain
334,santa vitoria do palmar,BR,-33.5189,-53.3681,51.84,67,100,8.52,overcast clouds
335,tirschenreuth,DE,49.8825,12.3331,70.45,51,4,1.99,clear sky
336,saint-georges,GD,12.0564,-61.7485,87.48,74,20,5.75,few clouds
337,petropavlovsk-kamchatskiy,RU,53.0452,158.6483,54.19,88,100,4.47,overcast clouds
338,anadyr,RU,64.75,177.4833,54.1,76,0,6.71,clear sky
339,angoram,PG,-4.0625,144.0661,75.15,92,100,1.23,overcast clouds
340,providencia,MX,28.7167,-111.5833,92.41,57,100,6.53,overcast clouds
341,severo-kurilsk,RU,50.6789,156.125,53.4,90,100,8.86,overcast clouds
342,udachnyy,RU,66.4167,112.4,47.64,95,100,11.88,overcast clouds
343,scarborough,GB,54.2797,-0.4044,64.78,65,100,1.99,overcast clouds
344,ereymentau,KZ,51.6199,73.1033,66.4,49,66,7.14,broken clouds
345,angol,CL,-37.8,-72.7167,48.38,99,100,1.72,moderate rain
346,mandla,IN,22.6,80.3833,76.71,91,100,3.89,moderate rain
347,loandjili,CG,-4.7561,11.8578,68.54,81,21,5.59,few clouds
348,porosozero,RU,62.7191,32.727,64.49,97,100,12.03,overcast clouds
349,beringovskiy,RU,63.05,179.3167,50.27,96,100,8.48,moderate rain
350,nemuro,JP,43.3236,145.575,60.94,91,100,10.16,overcast clouds
351,steamboat springs,US,40.485,-106.8317,83.34,42,75,5.75,broken clouds
352,valparaiso,CL,-33.0393,-71.6273,56.84,93,100,10.36,mist
353,paamiut,GL,61.994,-49.6678,42.46,93,100,15.7,overcast clouds
354,killybegs,IE,54.6333,-8.45,62.31,81,100,13.51,overcast clouds
355,mahebourg,MU,-20.4081,57.7,71.89,73,40,12.66,scattered clouds
356,najran,SA,17.4924,44.1277,86.65,41,77,4.72,broken clouds
357,sal rei,CV,16.1833,-22.9167,79.0,94,75,6.91,broken clouds
358,irbit,RU,57.6705,63.071,65.77,75,62,3.96,broken clouds
359,belaya gora,RU,68.5333,146.4167,51.53,77,100,6.96,overcast clouds
360,axim,GH,4.8699,-2.2405,74.19,79,0,8.34,clear sky
361,acari,PE,-15.4311,-74.6158,73.85,49,100,9.91,overcast clouds
362,maningrida,AU,-12.0667,134.2667,68.29,86,2,7.02,clear sky
363,viedma,AR,-40.8135,-62.9967,48.99,58,100,11.88,overcast clouds
364,kisangani,CD,0.5167,25.2,68.97,97,100,2.51,light rain
365,porto novo,BJ,6.4965,2.6036,76.82,84,8,7.9,clear sky
366,mumford,GH,5.2618,-0.759,72.88,85,0,9.73,clear sky
367,tizapan el alto,MX,20.1667,-103.0667,73.45,62,35,2.59,scattered clouds
368,srednekolymsk,RU,67.45,153.6833,54.03,74,100,5.95,overcast clouds
369,cravo norte,CO,6.3017,-70.2041,76.5,88,100,5.39,light rain
370,kamenka,RU,51.3223,42.7678,71.15,38,0,8.37,clear sky
371,hoima,UG,1.4356,31.3436,70.68,64,86,4.63,overcast clouds
372,inuvik,CA,68.3499,-133.7218,56.41,97,100,14.97,moderate rain
373,menongue,AO,-14.6585,17.691,62.78,29,0,4.25,clear sky
374,catamarca,AR,-28.4696,-65.7852,69.78,36,0,4.0,clear sky
375,ipixuna,BR,-1.7625,-48.8043,91.65,41,90,5.84,overcast clouds
376,mons,BE,50.4538,3.9516,70.86,45,0,11.5,clear sky
377,kavieng,PG,-2.5744,150.7967,80.28,79,60,7.27,broken clouds
378,wajima,JP,37.4,136.9,78.19,87,100,9.19,overcast clouds
379,guaratinga,BR,-16.5667,-39.5667,80.49,45,1,10.87,clear sky
380,novaya lyalya,RU,59.055,60.599,66.47,77,97,3.76,overcast clouds
381,trebisacce,IT,39.8708,16.5312,81.68,62,0,6.91,clear sky
382,carballo,ES,43.213,-8.691,83.62,72,0,8.9,clear sky
383,uvelskiy,RU,54.4446,61.3574,65.07,69,20,5.5,few clouds
384,santa rosa,PH,14.3122,121.1114,78.78,90,100,4.68,light rain
385,severomuysk,RU,56.1481,113.4267,39.24,89,100,4.65,overcast clouds
386,fredericton,CA,45.9454,-66.6656,89.83,53,0,4.61,clear sky
387,deputatskiy,RU,69.3,139.9,44.87,99,100,5.61,moderate rain
388,quelimane,MZ,-17.8786,36.8883,71.55,83,0,3.44,clear sky
389,erzin,TR,36.9559,36.2,74.73,83,0,2.66,clear sky
390,port hedland,AU,-20.3167,118.5667,55.45,76,0,5.75,clear sky
391,berdigestyakh,RU,62.0989,126.6992,54.09,99,100,4.99,moderate rain
392,yenagoa,NG,4.9247,6.2642,74.88,85,66,5.44,broken clouds
393,collie,AU,-33.3667,116.15,50.27,96,100,6.31,heavy intensity rain
394,roccastrada,IT,43.0099,11.1665,86.2,53,0,2.46,clear sky
395,asfi,MA,32.2994,-9.2372,73.09,76,0,19.82,clear sky
396,biak,ID,-0.9131,122.8766,74.64,87,100,8.97,overcast clouds
397,visby,SE,57.6409,18.296,66.06,55,20,8.05,few clouds
398,evensk,RU,61.95,159.2333,50.45,97,100,8.88,overcast clouds
399,ilulissat,GL,69.2167,-51.1,46.42,87,75,3.44,broken clouds
400,naryan-mar,RU,67.6713,53.087,69.44,70,0,8.55,clear sky
401,broome,US,42.2506,-75.833,91.04,57,0,10.36,clear sky
402,cabedelo,BR,-6.9811,-34.8339,83.07,79,11,14.05,few clouds
403,fortuna,US,40.5982,-124.1573,69.93,79,75,5.75,broken clouds
404,kangasala,FI,61.4638,24.076,54.14,86,98,19.91,overcast clouds
405,yar-sale,RU,66.8333,70.8333,56.46,81,100,3.47,overcast clouds
406,brae,GB,60.3964,-1.353,53.65,97,100,18.59,moderate rain
407,horsham,GB,51.064,-0.3272,75.25,34,0,5.75,clear sky
408,harper,LR,4.375,-7.7169,74.82,71,7,8.75,clear sky
409,souillac,MU,-20.5167,57.5167,71.98,73,40,12.66,scattered clouds
410,la palma,US,33.8464,-118.0467,98.49,57,0,5.75,clear sky
411,kushiro,JP,42.975,144.3747,63.63,95,100,6.02,overcast clouds
412,kochubey,RU,44.3861,46.5825,74.28,65,77,12.66,broken clouds
413,galesong,ID,-5.3166,119.3661,73.42,74,58,8.12,broken clouds
414,wajid,SO,3.8093,43.2471,76.3,49,50,23.55,scattered clouds
415,shelbyville,US,35.4834,-86.4603,93.31,60,20,6.91,few clouds
416,talnakh,RU,69.4865,88.3972,54.64,97,99,7.14,overcast clouds
417,kimbe,PG,-5.5502,150.1429,74.62,89,86,3.8,overcast clouds
418,semporna,MY,4.4818,118.6112,76.55,93,100,8.84,overcast clouds
419,half moon bay,US,37.4636,-122.4286,78.91,72,100,11.5,overcast clouds
420,ponta delgada,PT,37.7333,-25.6667,74.12,88,75,8.05,broken clouds
421,pinawa,CA,50.1489,-95.8811,66.51,43,98,10.6,overcast clouds
422,storforshei,NO,66.4043,14.5233,52.66,81,100,11.5,light intensity drizzle
423,sri aman,MY,1.2376,111.4621,75.25,100,100,0.0,overcast clouds
424,sheridan,US,44.8333,-106.9173,59.02,95,100,5.75,mist
425,rambha,IN,19.5167,85.1,78.91,89,100,6.87,overcast clouds
426,norwich,GB,52.6278,1.2983,68.22,55,0,8.05,clear sky
427,mozarlandia,BR,-14.7447,-50.5706,98.37,15,85,5.44,overcast clouds
428,bellevue,US,47.6104,-122.2007,79.07,57,0,11.5,haze
429,bairiki,KI,1.3292,172.9752,78.8,94,75,5.75,broken clouds
430,laguna,US,38.421,-121.4238,83.34,51,0,5.75,clear sky
431,banska bystrica,SK,48.5,19.5,63.64,95,100,6.44,overcast clouds
432,labuhan,ID,-6.8844,112.2051,75.85,84,95,5.06,overcast clouds
433,santa cruz,BO,-17.8,-63.1667,73.45,64,75,14.97,broken clouds
434,tanete,ID,-3.9443,119.7848,71.17,89,99,3.0,overcast clouds
435,nara,JP,34.6851,135.8049,81.5,66,17,2.86,few clouds
436,flinders,AU,-34.5833,150.8552,51.19,75,10,4.0,clear sky
437,namatanai,PG,-3.6667,152.4333,77.72,83,88,4.99,overcast clouds
438,nabire,ID,-3.3667,135.4833,75.11,93,100,4.45,overcast clouds
439,ozernovskiy,RU,51.5,156.5167,55.15,84,100,2.39,overcast clouds
440,rucheng,CN,32.3883,120.5553,76.73,89,5,6.33,clear sky
441,lagoa,PT,39.05,-27.9833,75.06,80,12,11.48,few clouds
442,xining,CN,36.6167,101.7667,66.76,81,100,2.77,overcast clouds
443,kokkola,FI,63.8385,23.1307,56.93,95,100,10.36,overcast clouds
444,mamlyutka,KZ,54.9375,68.5394,63.61,70,6,7.0,clear sky
445,huarmey,PE,-10.0681,-78.1522,68.45,70,26,13.06,scattered clouds
446,cayenne,GF,4.9333,-52.3333,89.64,16,100,14.97,overcast clouds
447,namibe,AO,-15.1961,12.1522,63.41,82,100,6.8,overcast clouds
448,iralaya,HN,15.0,-83.2333,82.02,82,100,13.06,overcast clouds
449,upernavik,GL,72.7868,-56.1549,40.41,93,76,11.95,broken clouds
450,fort nelson,CA,58.8053,-122.7002,74.79,38,20,9.22,few clouds
451,sucua,EC,-2.4667,-78.1667,77.74,64,75,4.61,light rain
452,mogadishu,SO,2.0371,45.3438,75.9,81,22,19.15,few clouds
453,kathu,TH,7.9178,98.3332,82.22,79,100,14.32,overcast clouds
454,ignatovka,RU,53.9479,47.6536,66.96,59,0,3.74,clear sky
455,moose factory,CA,51.2585,-80.6094,80.6,54,75,26.46,broken clouds
456,kirakira,SB,-10.4544,161.9205,77.83,85,47,8.3,scattered clouds
457,cherdyn,RU,60.403,56.4787,69.55,65,95,1.59,overcast clouds
458,egvekinot,RU,66.3167,-179.1667,48.52,53,11,1.99,few clouds
459,ronne,DK,55.1009,14.7066,64.31,63,5,12.66,clear sky
460,wembley,AU,-31.9333,115.8,55.22,97,75,12.66,light intensity shower rain
461,ambunti,PG,-4.2365,142.8448,72.03,96,100,1.14,overcast clouds
462,wewak,PG,-3.5534,143.6268,78.57,82,100,2.93,overcast clouds
463,qui nhon,VN,13.7667,109.2333,78.39,84,100,6.13,overcast clouds
464,hastings,GB,50.8552,0.5729,69.4,64,15,5.73,few clouds
465,kargasok,RU,59.0556,80.8572,59.74,88,100,4.92,overcast clouds
466,otukpo,NG,7.1913,8.1329,72.77,94,34,4.12,moderate rain
467,salamanca,ES,40.8333,-6.0,91.74,17,0,9.57,clear sky
468,ulaangom,MN,49.9811,92.0667,56.08,48,1,2.15,clear sky
469,ossora,RU,59.2353,163.0719,58.87,85,21,0.69,few clouds
470,rochegda,RU,62.8,43.25,71.55,64,94,7.11,overcast clouds
471,varkkallai,IN,8.7341,76.7067,80.38,90,100,11.39,heavy intensity rain
472,gazli,UZ,40.1333,63.45,87.44,20,96,3.11,overcast clouds
473,trairi,BR,-3.2778,-39.2689,82.87,64,1,14.0,clear sky
474,zabid,YE,14.1951,43.3152,80.38,72,100,15.93,overcast clouds
475,te anau,NZ,-45.4167,167.7167,39.61,97,100,6.42,light rain
476,turbat,PK,26.0023,63.044,84.42,65,100,8.75,overcast clouds
477,okha,RU,53.5739,142.9478,53.62,97,100,20.15,light rain
478,vostok,RU,46.4856,135.8833,60.53,97,2,4.29,clear sky
479,chumikan,RU,54.7183,135.315,52.7,98,100,6.89,overcast clouds
480,ponnani,IN,10.767,75.9252,74.52,89,100,9.78,overcast clouds
481,bathsheba,BB,13.2167,-59.5167,85.05,86,40,13.8,scattered clouds
482,dayong,CN,25.0209,118.2898,78.28,90,100,2.17,overcast clouds
483,binga,ZW,-17.6203,27.3414,68.67,43,0,2.42,clear sky
484,arbuzynka,UA,47.9097,31.3196,75.83,51,63,5.39,broken clouds
485,quatre cocos,MU,-20.2078,57.7625,71.71,80,28,9.86,light rain
486,sungaipenuh,ID,-2.0833,101.3833,62.1,97,19,1.88,few clouds
487,college,US,64.8569,-147.8028,52.12,91,100,9.22,overcast clouds
488,ust-kut,RU,56.7938,105.7672,49.3,98,100,4.36,overcast clouds
489,kanigoro,ID,-8.13,112.219,71.94,94,100,6.62,overcast clouds
490,vallenar,CL,-28.5708,-70.7581,64.78,36,44,6.76,scattered clouds
491,raigarh,IN,21.9,83.4,77.67,92,100,3.83,light rain
492,port-gentil,GA,-0.7193,8.7815,75.16,78,75,12.66,broken clouds
493,laurel,US,39.0993,-76.8483,90.45,71,75,8.05,broken clouds
494,burgeo,CA,47.6167,-57.6152,70.52,65,100,9.62,overcast clouds
495,svetlogorsk,BY,52.6333,29.7333,73.04,61,100,4.68,overcast clouds
496,nanning,CN,22.8167,108.3167,79.25,96,100,4.79,overcast clouds
497,tamandare,BR,-8.7597,-35.1047,78.48,72,1,8.23,clear sky
498,vung tau,VN,10.346,107.0843,78.91,87,100,14.43,overcast clouds
499,beidao,CN,34.5686,105.8933,70.65,90,26,4.16,scattered clouds
500,seminole,US,28.7086,-81.2081,93.29,76,0,0.0,clear sky
501,verkhnyaya maksakovka,RU,61.635,50.9674,69.82,83,0,1.99,clear sky
502,lazaro cardenas,MX,17.9583,-102.2,87.13,61,80,8.14,broken clouds
503,lebowakgomo,ZA,-24.2,29.5,65.3,30,100,5.91,overcast clouds
504,knysna,ZA,-34.0363,23.0471,58.1,90,100,10.69,light rain
505,fairview,US,40.8126,-73.999,94.24,51,20,14.97,few clouds
506,wad madani,SD,14.4012,33.5199,86.56,50,65,5.35,broken clouds
507,oktyabrskoye,RU,43.0645,44.7417,66.34,100,60,4.47,broken clouds
508,paka,MY,4.6374,103.4368,78.73,94,100,0.0,overcast clouds
509,tateyama,JP,34.9833,139.8667,76.1,86,63,8.86,broken clouds
510,dubbo,AU,-32.25,148.6167,39.33,93,40,0.0,scattered clouds
511,encruzilhada,BR,-15.5314,-40.9094,82.94,34,7,11.74,clear sky
512,pacific grove,US,36.6177,-121.9166,73.24,77,75,6.91,broken clouds
513,rio grande,BR,-32.035,-52.0986,55.51,77,100,12.8,overcast clouds
514,waterville,US,44.552,-69.6317,92.68,67,100,11.5,overcast clouds
515,zemio,CF,5.0314,25.1361,68.13,93,99,3.94,light rain
516,buala,SB,-8.145,159.5921,79.03,83,74,5.17,broken clouds
517,kudahuvadhoo,MV,2.6708,72.8944,81.32,79,100,13.0,overcast clouds
518,spassk-dalniy,RU,44.5978,132.8211,69.69,85,100,5.44,overcast clouds
519,alyangula,AU,-13.8483,136.4192,67.87,94,100,0.0,overcast clouds
520,inhambane,MZ,-23.865,35.3833,71.58,83,20,9.22,few clouds
521,along,IN,28.1667,94.7667,75.54,98,21,2.21,few clouds
522,sibolga,ID,1.7427,98.7792,76.12,79,100,4.09,overcast clouds
523,fairbanks,US,64.8378,-147.7164,52.14,92,100,9.22,overcast clouds
524,vanimo,PG,-2.6741,141.3028,75.94,88,65,3.56,broken clouds
525,iquique,CL,-20.2208,-70.1431,62.64,68,22,9.93,few clouds
526,maumere,ID,-8.6199,122.2111,74.55,77,35,6.51,scattered clouds
527,impfondo,CG,1.6381,18.0667,76.55,79,94,2.37,overcast clouds
528,changping,CN,40.2186,116.2197,80.24,93,100,1.92,overcast clouds
529,muskegon,US,43.3,-86.1334,88.3,67,40,12.66,scattered clouds
530,mandalgovi,MN,45.7625,106.2708,56.7,70,95,13.27,overcast clouds
531,kastamonu,TR,41.5,33.6667,65.41,87,100,3.09,overcast clouds
532,bilibino,RU,68.0546,166.4372,49.17,64,80,5.88,broken clouds
533,aborlan,PH,9.4352,118.5492,78.87,88,96,3.91,overcast clouds
534,puerto escondido,MX,15.85,-97.0667,86.83,58,40,5.75,scattered clouds
535,makakilo city,US,21.3469,-158.0858,81.99,69,0,6.91,clear sky
536,talara,PE,-4.5772,-81.2719,74.16,60,0,19.57,clear sky
537,chakrata,IN,30.7,77.85,61.68,96,100,0.69,light rain
538,verkh-chebula,RU,56.0308,87.6218,56.73,81,93,1.92,overcast clouds
539,selishche,RU,56.8879,33.2691,69.3,79,72,7.54,broken clouds
540,seydi,TM,39.4816,62.9137,85.1,20,15,8.23,few clouds
541,kavaratti,IN,10.5669,72.642,80.65,85,100,21.54,overcast clouds
542,borovichi,RU,58.3878,33.9155,75.11,61,100,7.85,overcast clouds
543,tabou,CI,4.423,-7.3528,74.79,72,0,7.36,clear sky
544,hanna,CA,51.6334,-111.9018,67.86,42,0,10.0,clear sky
545,batesville,US,35.7698,-91.641,91.08,56,40,8.05,scattered clouds
546,nijar,ES,36.9665,-2.206,82.04,70,0,10.36,clear sky
547,brodick,GB,55.5754,-5.1472,61.34,77,100,13.02,overcast clouds
548,bambanglipuro,ID,-7.95,110.2833,75.7,86,90,10.42,overcast clouds
549,etampes,FR,48.4333,2.15,74.61,38,0,11.95,clear sky
550,sangar,RU,63.9242,127.4739,60.33,81,100,15.61,overcast clouds
551,aksu,CN,41.1231,80.2644,69.98,58,0,5.7,clear sky
552,ca mau,VN,9.1769,105.15,76.62,89,100,8.23,overcast clouds
553,risor,NO,58.7206,9.2342,66.29,53,0,19.66,clear sky
554,la cruz,MX,23.9167,-106.9,88.93,57,44,5.55,scattered clouds
555,gao,ML,16.6362,1.637,97.14,30,2,4.7,clear sky
556,tucuma,BR,-0.1833,-50.05,85.08,62,71,9.46,broken clouds
557,barabai,ID,-2.5833,115.3833,71.96,91,100,1.34,overcast clouds
558,soma,TR,39.1855,27.6094,81.55,70,0,12.35,clear sky
559,zolotukhino,RU,52.0842,36.3772,73.47,61,31,6.13,scattered clouds
560,noumea,NC,-22.2763,166.4572,75.99,99,38,4.09,scattered clouds
561,richards bay,ZA,-28.783,32.0377,67.69,86,100,2.95,light rain
562,ahtopol,BG,42.1,27.95,74.12,83,0,5.97,clear sky
563,hami,CN,42.8,93.45,87.62,15,45,15.08,scattered clouds
564,rawson,AR,-43.3002,-65.1023,45.48,69,100,12.33,overcast clouds
565,livingston,GB,55.9029,-3.5226,61.27,61,20,16.11,few clouds
566,nuevitas,CU,21.5453,-77.2644,85.69,64,93,15.01,overcast clouds
567,abu zabad,SD,12.35,29.25,77.02,67,41,6.26,scattered clouds
568,chavantes,BR,-23.0389,-49.7094,78.49,42,100,5.75,light rain
569,nienburg,DE,52.6333,9.2167,68.29,55,5,5.08,clear sky
570,sioux lookout,CA,50.1001,-91.917,66.27,59,75,13.8,broken clouds
571,bereda,ES,43.2686,-7.5406,69.42,99,26,7.31,scattered clouds
572,tiksi,RU,71.6872,128.8694,38.71,92,100,15.61,overcast clouds
573,itaituba,BR,-4.2761,-55.9836,95.16,55,40,9.22,scattered clouds
574,nikolayevsk-na-amure,RU,53.1406,140.73,60.39,99,100,2.66,overcast clouds
575,saint-louis,SN,16.3333,-15.0,80.24,40,91,1.57,light rain
576,castro-urdiales,ES,43.3829,-3.2204,80.82,70,34,4.09,scattered clouds
577,lorengau,PG,-2.0226,147.2712,79.02,79,49,3.83,scattered clouds
578,lima,PE,-12.0432,-77.0282,59.25,77,100,9.22,overcast clouds
579,asmara,ER,15.3333,38.9333,58.17,85,43,6.98,scattered clouds
580,abu dhabi,AE,24.4667,54.3667,100.51,43,0,4.61,clear sky
581,jurm,AF,36.8648,70.8342,65.95,40,0,1.48,clear sky
582,virginia beach,US,36.8529,-75.978,95.0,65,40,5.99,scattered clouds
583,kiama,AU,-34.6833,150.8667,54.0,76,8,5.01,clear sky
584,adrar,MR,20.5022,-10.0711,106.38,12,79,14.12,broken clouds
585,verkhnevilyuysk,RU,63.4453,120.3167,48.81,93,94,3.2,overcast clouds
586,teya,RU,60.3778,92.6267,51.66,92,100,2.39,overcast clouds
587,szany,HU,47.4642,17.304,73.45,64,0,18.41,clear sky
588,dunkirk,FR,51.05,2.3667,69.26,64,7,9.84,clear sky
589,calatayud,ES,41.3535,-1.6432,87.12,31,6,12.41,clear sky
590,atkinson,US,42.8384,-71.147,94.86,65,20,5.75,few clouds
591,port blair,IN,11.6667,92.75,82.44,83,100,12.66,mist
592,palmer,US,42.1584,-72.3287,94.51,53,40,10.36,scattered clouds
593,chifeng,CN,42.2683,118.9636,75.79,81,100,2.26,moderate rain
594,moree,AU,-29.4667,149.85,43.74,78,5,4.76,clear sky
595,wencheng,CN,33.0559,113.7978,80.62,80,100,6.2,overcast clouds
596,leh,IN,34.1667,77.5833,65.34,51,9,5.21,clear sky
597,kingaroy,AU,-26.5333,151.8333,42.91,75,0,4.23,clear sky
598,manta,EC,-0.95,-80.7333,78.58,73,40,12.66,scattered clouds
599,sao miguel do araguaia,BR,-13.275,-50.1628,98.6,17,75,5.03,broken clouds
600,muli,MV,2.9167,73.5667,81.03,80,100,12.8,overcast clouds
601,litovko,RU,49.2361,135.1742,65.5,88,95,4.85,overcast clouds
602,tecoanapa,MX,16.5167,-98.75,84.76,69,97,8.99,overcast clouds
603,seoul,KR,37.5683,126.9778,81.84,100,20,3.44,mist
604,meulaboh,ID,4.1363,96.1285,78.57,79,100,3.06,overcast clouds
605,praia da vitoria,PT,38.7333,-27.0667,78.76,78,20,12.64,few clouds
606,tomatlan,MX,19.9333,-105.25,90.73,56,64,7.25,broken clouds
607,mariental,NA,-24.6333,17.9667,68.49,23,40,10.98,scattered clouds
608,todos santos,MX,23.45,-110.2167,84.43,63,100,8.08,overcast clouds
609,bayonet point,US,28.3267,-82.6834,96.3,60,93,4.9,overcast clouds
610,bull savanna,JM,17.8868,-77.5902,84.47,63,100,18.61,overcast clouds
611,luau,AO,-10.7073,22.2247,70.03,27,0,4.03,clear sky
612,hella,NO,67.2,14.4333,53.74,85,75,13.8,light rain
613,plaeng yao,TH,13.5847,101.284,82.17,33,100,6.85,overcast clouds
614,conakry,GN,9.538,-13.6773,75.27,100,75,13.8,broken clouds
615,sosua,DO,19.7667,-70.5167,89.51,66,40,17.27,scattered clouds
616,indianola,US,41.3581,-93.5574,95.49,25,97,14.03,overcast clouds
617,pasinler,TR,39.9803,41.6764,67.19,42,0,5.01,clear sky
618,chapais,CA,49.7834,-74.8492,74.98,34,75,16.26,broken clouds
619,novo aripuana,BR,-5.1206,-60.3797,95.58,36,97,3.76,overcast clouds
620,saiha,IN,22.4833,92.9667,70.97,99,34,2.39,scattered clouds
621,tabuk,PH,17.4189,121.4443,73.58,93,100,2.21,overcast clouds
622,bucerias,MX,20.75,-105.3333,88.99,66,100,5.75,overcast clouds
623,srandakan,ID,-7.9386,110.2506,75.92,86,93,10.29,overcast clouds
624,tukrah,LY,32.5341,20.5791,80.82,72,0,8.32,clear sky
625,tiznit,MA,29.5833,-9.5,89.35,22,78,6.13,broken clouds
626,fukuma,JP,33.7667,130.4667,83.28,86,3,3.94,clear sky
627,yarada,IN,17.65,83.2667,77.32,100,75,2.3,mist
628,port moresby,PG,-9.4431,147.1797,76.42,94,20,4.61,few clouds
629,winneba,GH,5.3511,-0.6231,72.66,85,0,9.57,clear sky
630,vigrestad,NO,58.5667,5.7,55.58,74,100,12.71,overcast clouds
631,tianpeng,CN,30.9866,103.9393,81.07,84,7,3.22,clear sky
632,kattivakkam,IN,13.2167,80.3167,83.07,80,100,15.61,overcast clouds
633,koshki,RU,54.2091,50.4677,67.37,63,0,6.26,clear sky
634,maceio,BR,-9.6658,-35.7353,85.44,48,0,8.05,clear sky
635,shieli,KZ,44.1667,66.75,77.61,34,0,7.07,clear sky
636,virtsu,EE,58.5716,23.5115,62.92,63,0,12.15,clear sky
637,havre-saint-pierre,CA,50.2334,-63.5986,71.96,53,0,10.36,clear sky
638,westport,US,41.1415,-73.3579,94.3,58,0,8.05,clear sky
639,turukhansk,RU,65.8167,87.9833,58.87,70,100,5.06,overcast clouds
640,dukat,RU,62.55,155.55,55.27,75,95,6.06,overcast clouds
641,waingapu,ID,-9.6567,120.2641,71.56,86,72,4.56,broken clouds
642,liwale,TZ,-9.7667,37.9333,68.47,55,60,4.34,broken clouds
643,prado,BR,-17.3411,-39.2208,76.48,68,7,7.9,clear sky
644,coihueco,CL,-36.6167,-71.8333,50.74,82,100,18.41,moderate rain
645,narasannapeta,IN,18.4167,84.05,78.57,89,100,7.43,overcast clouds
646,raga,SS,8.4596,25.678,70.03,96,100,3.38,light rain
647,sabzevar,IR,36.2126,57.6819,87.08,18,0,16.11,clear sky
648,novyy yegorlyk,RU,46.3927,41.8716,77.09,40,15,6.96,few clouds
649,severnyy,RU,50.677,36.5532,73.44,53,0,6.71,clear sky
650,otjiwarongo,NA,-20.4637,16.6477,60.82,33,6,4.54,clear sky
651,nanzhang,CN,31.7765,111.8386,82.98,76,71,2.91,broken clouds
652,peace river,CA,56.2501,-117.286,57.51,94,75,11.5,light rain
653,zyryanka,RU,65.75,150.85,55.87,81,100,11.23,overcast clouds
654,tarakan,ID,3.3,117.6333,78.3,89,20,6.91,heavy intensity rain
655,prescott,US,34.54,-112.4685,89.91,39,0,5.01,clear sky
656,carson city,US,39.1638,-119.7674,84.43,36,0,6.91,clear sky
657,fremont,US,37.5483,-121.9886,80.96,59,40,10.36,scattered clouds
658,tapes,BR,-30.6733,-51.3958,56.84,70,100,10.4,overcast clouds
659,copiapo,CL,-27.3667,-70.3333,58.69,36,1,7.0,clear sky
660,shulan,CN,44.4167,126.95,68.31,98,100,4.38,overcast clouds
661,nantucket,US,41.2835,-70.0995,87.94,89,75,11.5,broken clouds
662,san jeronimo,PE,-11.9472,-75.2829,60.33,46,58,4.34,broken clouds
663,hualmay,PE,-11.0964,-77.6139,66.7,72,33,11.92,scattered clouds
664,alice springs,AU,-23.7,133.8833,36.95,65,0,4.61,clear sky
665,high rock,BS,26.6208,-78.2833,85.57,67,0,16.75,clear sky
666,moa,CU,20.6569,-74.9403,85.89,65,100,13.2,overcast clouds
667,derzhavinsk,KZ,51.1,66.3167,69.39,50,31,10.18,scattered clouds
668,saint anthony,US,45.0205,-93.218,76.08,92,0,9.22,clear sky
669,nehe,CN,48.4833,124.8333,66.11,79,100,2.68,overcast clouds
670,bud,US,39.447,-86.1758,89.92,70,20,3.83,few clouds
671,valdivia,CL,-39.8142,-73.2459,48.29,98,100,3.38,light rain
672,les cayes,HT,18.2,-73.75,87.3,62,100,12.64,overcast clouds
673,semenivka,UA,52.1783,32.5818,70.75,68,0,6.22,clear sky
674,korla,CN,41.7597,86.1469,86.97,26,99,10.54,overcast clouds
675,lemoore,US,36.3008,-119.7829,86.31,50,0,9.22,clear sky
676,douentza,ML,14.9951,-2.9517,92.12,43,100,6.22,overcast clouds
677,cheremkhovo,RU,53.1561,103.0675,50.58,85,100,8.77,overcast clouds
678,samana,DO,19.2056,-69.3369,89.82,70,40,13.8,scattered clouds
679,kofele,ET,7.0667,38.7833,50.92,87,48,6.06,scattered clouds
680,montepuez,MZ,-13.1256,38.9997,67.19,61,5,6.87,clear sky
681,roma,US,43.2128,-75.4557,90.95,59,20,5.75,few clouds
682,kedrovyy,RU,56.1667,91.8167,48.87,85,57,4.0,broken clouds
683,eidfjord,NO,60.4675,7.0719,52.16,87,21,7.02,few clouds
684,isiro,CD,2.7739,27.616,66.52,98,99,0.56,light rain
685,praia,CV,14.9215,-23.5087,81.14,74,75,10.36,broken clouds
686,lages,BR,-27.8161,-50.3261,54.18,77,100,5.64,moderate rain
687,ecoporanga,BR,-18.3733,-40.8306,79.65,54,46,11.14,scattered clouds
688,manoel urbano,BR,-8.8389,-69.2597,92.37,42,100,2.71,overcast clouds
689,cibitoke,BI,-2.8833,29.25,65.68,62,65,3.38,broken clouds
690,sept-iles,CA,50.2001,-66.3821,70.32,65,75,12.66,broken clouds
691,hun,LY,29.1268,15.9477,90.61,24,0,13.18,clear sky
692,oskemen,KZ,49.9565,82.6119,57.16,76,17,6.71,few clouds
693,darnah,LY,32.767,22.6367,80.87,71,0,16.89,clear sky
694,diamantino,BR,-14.4086,-56.4461,97.68,16,0,8.46,clear sky
695,opuwo,NA,-18.0607,13.84,71.04,23,55,7.02,broken clouds
696,neuquen,AR,-38.9516,-68.0591,37.29,100,100,5.75,moderate rain
697,pasighat,IN,28.0667,95.3333,80.24,84,9,2.91,clear sky
698,teknaf,BD,20.8624,92.3058,80.28,88,76,13.31,broken clouds
699,jiancheng,CN,30.391,104.5491,78.57,86,6,1.97,clear sky
700,iranshahr,IR,27.2025,60.6848,97.14,13,0,4.61,clear sky
701,wanaka,NZ,-44.7,169.15,47.1,83,100,5.01,light rain
702,aljezur,PT,37.3191,-8.8033,66.96,81,0,8.9,clear sky
703,gallipoli,TR,40.4103,26.6708,82.26,69,0,15.79,clear sky
704,talavera,PH,15.6167,120.9333,74.95,92,100,3.49,moderate rain
705,matagami,CA,49.7502,-77.6328,75.31,69,75,18.41,broken clouds
706,santo tomas,PH,14.1079,121.1414,77.25,97,100,2.91,light rain
707,comodoro rivadavia,AR,-45.8667,-67.5,42.66,75,75,10.36,broken clouds
708,gimli,CA,50.6336,-96.9907,63.84,54,100,14.29,overcast clouds
709,vyartsilya,RU,62.1764,30.693,58.26,95,100,8.63,overcast clouds
710,christchurch,NZ,-43.5333,172.6333,44.91,97,1,1.14,fog
